[
{
    "model": "webapp.article",
    "pk": 27,
    "fields": {
        "created_at": "2024-07-01T14:53:20.574Z",
        "updated_at": "2024-07-17T14:21:11.910Z",
        "title": "Article1",
        "content": "lorem",
        "status": "new",
        "author": 1,
        "tags": []
    }
},
{
    "model": "webapp.article",
    "pk": 35,
    "fields": {
        "created_at": "2024-07-03T14:26:41.852Z",
        "updated_at": "2024-07-10T13:33:42.550Z",
        "title": "Статья8",
        "content": "Статья8",
        "status": "new",
        "author": 1,
        "tags": []
    }
},
{
    "model": "webapp.article",
    "pk": 39,
    "fields": {
        "created_at": "2024-07-04T13:13:13.754Z",
        "updated_at": "2024-07-04T13:21:53.514Z",
        "title": "Статья7",
        "content": "lorem",
        "status": "new",
        "author": 1,
        "tags": []
    }
},
{
    "model": "webapp.article",
    "pk": 46,
    "fields": {
        "created_at": "2024-07-08T13:05:18.792Z",
        "updated_at": "2024-07-10T13:33:02.945Z",
        "title": "Статья2",
        "content": "lorem",
        "status": "new",
        "author": 1,
        "tags": []
    }
},
{
    "model": "webapp.article",
    "pk": 51,
    "fields": {
        "created_at": "2024-07-10T14:49:11.705Z",
        "updated_at": "2024-07-10T14:49:11.705Z",
        "title": "Статья3",
        "content": "lorem",
        "status": "new",
        "author": 1,
        "tags": []
    }
},
{
    "model": "webapp.article",
    "pk": 52,
    "fields": {
        "created_at": "2024-07-10T14:54:07.810Z",
        "updated_at": "2024-07-10T14:54:07.810Z",
        "title": "Статья4",
        "content": "lorem",
        "status": "new",
        "author": 1,
        "tags": []
    }
},
{
    "model": "webapp.article",
    "pk": 53,
    "fields": {
        "created_at": "2024-07-10T14:55:38.700Z",
        "updated_at": "2024-07-18T13:33:03.221Z",
        "title": "Статья555",
        "content": "lorem",
        "status": "new",
        "author": 1,
        "tags": []
    }
},
{
    "model": "webapp.article",
    "pk": 54,
    "fields": {
        "created_at": "2024-07-10T15:02:24.141Z",
        "updated_at": "2024-07-10T15:02:24.141Z",
        "title": "Статья6",
        "content": "lorem",
        "status": "new",
        "author": 1,
        "tags": []
    }
},
{
    "model": "webapp.article",
    "pk": 58,
    "fields": {
        "created_at": "2024-07-22T14:56:42.695Z",
        "updated_at": "2024-07-25T14:17:49.115Z",
        "title": "xzxxxxsss",
        "content": "x",
        "status": "new",
        "author": 1,
        "tags": []
    }
},
{
    "model": "webapp.article",
    "pk": 59,
    "fields": {
        "created_at": "2024-07-25T14:24:18.984Z",
        "updated_at": "2024-07-25T14:25:49.818Z",
        "title": "Tessssst",
        "content": "sxaxsassss",
        "status": "new",
        "author": 4,
        "tags": []
    }
},
{
    "model": "webapp.article",
    "pk": 60,
    "fields": {
        "created_at": "2024-08-19T14:16:07.910Z",
        "updated_at": "2024-08-19T14:16:07.910Z",
        "title": "json title",
        "content": "content",
        "status": "new",
        "author": 1,
        "tags": []
    }
},
{
    "model": "webapp.article",
    "pk": 61,
    "fields": {
        "created_at": "2024-08-19T14:16:09.714Z",
        "updated_at": "2024-08-19T14:16:09.714Z",
        "title": "json title",
        "content": "content",
        "status": "new",
        "author": 1,
        "tags": []
    }
},
{
    "model": "webapp.article",
    "pk": 62,
    "fields": {
        "created_at": "2024-08-19T14:17:04.842Z",
        "updated_at": "2024-08-19T14:17:04.842Z",
        "title": "json title",
        "content": "content",
        "status": "new",
        "author": 1,
        "tags": []
    }
},
{
    "model": "webapp.article",
    "pk": 63,
    "fields": {
        "created_at": "2024-08-19T14:17:05.898Z",
        "updated_at": "2024-08-19T14:17:05.898Z",
        "title": "json title",
        "content": "content",
        "status": "new",
        "author": 1,
        "tags": []
    }
},
{
    "model": "webapp.article",
    "pk": 64,
    "fields": {
        "created_at": "2024-08-19T14:22:06.994Z",
        "updated_at": "2024-08-19T14:22:06.994Z",
        "title": "json title",
        "content": "content",
        "status": "new",
        "author": 2,
        "tags": []
    }
},
{
    "model": "webapp.article",
    "pk": 65,
    "fields": {
        "created_at": "2024-08-22T13:34:59.845Z",
        "updated_at": "2024-08-22T13:34:59.845Z",
        "title": "json title",
        "content": "content",
        "status": "new",
        "author": 1,
        "tags": []
    }
},
{
    "model": "webapp.article",
    "pk": 66,
    "fields": {
        "created_at": "2024-08-22T13:38:05.442Z",
        "updated_at": "2024-08-22T13:38:05.442Z",
        "title": "json title",
        "content": "content",
        "status": "new",
        "author": 1,
        "tags": []
    }
},
{
    "model": "webapp.article",
    "pk": 67,
    "fields": {
        "created_at": "2024-08-22T13:40:22.714Z",
        "updated_at": "2024-08-22T13:40:22.714Z",
        "title": "jsoaaa",
        "content": "content",
        "status": "new",
        "author": 1,
        "tags": []
    }
},
{
    "model": "webapp.article",
    "pk": 68,
    "fields": {
        "created_at": "2024-08-22T13:43:42.595Z",
        "updated_at": "2024-08-22T14:09:12.153Z",
        "title": "2222222",
        "content": "contenaasaaaaaat",
        "status": "moderated",
        "author": 1,
        "tags": []
    }
},
{
    "model": "webapp.article",
    "pk": 69,
    "fields": {
        "created_at": "2024-08-22T14:15:16.929Z",
        "updated_at": "2024-08-22T14:15:16.929Z",
        "title": "2222222",
        "content": "contenaasaaaaaat",
        "status": "moderated",
        "author": 1,
        "tags": []
    }
},
{
    "model": "webapp.article",
    "pk": 70,
    "fields": {
        "created_at": "2024-08-22T14:17:31.253Z",
        "updated_at": "2024-08-22T14:17:31.253Z",
        "title": "2222222",
        "content": "contenaasaaaaaat",
        "status": "moderated",
        "author": 1,
        "tags": []
    }
},
{
    "model": "webapp.article",
    "pk": 71,
    "fields": {
        "created_at": "2024-08-22T14:33:26.795Z",
        "updated_at": "2024-08-22T14:33:26.795Z",
        "title": "aaaaaaaa",
        "content": "a",
        "status": "new",
        "author": 2,
        "tags": [
            2,
            3
        ]
    }
},
{
    "model": "webapp.article",
    "pk": 72,
    "fields": {
        "created_at": "2024-08-22T14:33:38.324Z",
        "updated_at": "2024-08-22T14:36:23.622Z",
        "title": "3333333",
        "content": "contenaasaaaaaat",
        "status": "moderated",
        "author": 1,
        "tags": [
            2,
            3
        ]
    }
},
{
    "model": "webapp.article",
    "pk": 73,
    "fields": {
        "created_at": "2024-08-22T14:44:13.457Z",
        "updated_at": "2024-08-22T14:45:35.597Z",
        "title": "343r34r3r3443",
        "content": "contenaasaaaaaat",
        "status": "moderated",
        "author": 1,
        "tags": [
            2,
            3
        ]
    }
},
{
    "model": "webapp.article",
    "pk": 74,
    "fields": {
        "created_at": "2024-08-22T14:45:45.253Z",
        "updated_at": "2024-08-22T14:48:51.878Z",
        "title": "7777777777",
        "content": "contenaasaaaaaat",
        "status": "new",
        "author": 1,
        "tags": [
            2,
            3
        ]
    }
},
{
    "model": "webapp.article",
    "pk": 75,
    "fields": {
        "created_at": "2024-08-22T14:58:19.323Z",
        "updated_at": "2024-08-22T14:58:19.323Z",
        "title": "7777777777",
        "content": "contenaasaaaaaat",
        "status": "new",
        "author": 1,
        "tags": [
            2,
            3
        ]
    }
},
{
    "model": "webapp.comment",
    "pk": 1,
    "fields": {
        "created_at": "2024-07-11T17:33:16.514Z",
        "updated_at": "2024-07-11T17:33:29.597Z",
        "article": 27,
        "text": "Текст",
        "author": 1
    }
},
{
    "model": "webapp.comment",
    "pk": 2,
    "fields": {
        "created_at": "2024-07-11T17:33:19.151Z",
        "updated_at": "2024-07-11T17:33:30.314Z",
        "article": 27,
        "text": "ТекстТекст",
        "author": 1
    }
},
{
    "model": "webapp.comment",
    "pk": 3,
    "fields": {
        "created_at": "2024-07-11T17:33:19.836Z",
        "updated_at": "2024-07-11T17:33:31.011Z",
        "article": 51,
        "text": "Текст",
        "author": 1
    }
},
{
    "model": "webapp.comment",
    "pk": 4,
    "fields": {
        "created_at": "2024-07-11T17:33:20.647Z",
        "updated_at": "2024-07-11T17:33:31.704Z",
        "article": 52,
        "text": "Текст",
        "author": 1
    }
},
{
    "model": "webapp.comment",
    "pk": 5,
    "fields": {
        "created_at": "2024-07-11T17:33:21.379Z",
        "updated_at": "2024-07-11T17:33:32.449Z",
        "article": 52,
        "text": "ыфсыфсыф",
        "author": 1
    }
},
{
    "model": "webapp.comment",
    "pk": 7,
    "fields": {
        "created_at": "2024-07-11T17:33:23.192Z",
        "updated_at": "2024-07-11T17:33:33.845Z",
        "article": 39,
        "text": "Текст",
        "author": 1
    }
},
{
    "model": "webapp.comment",
    "pk": 8,
    "fields": {
        "created_at": "2024-07-11T17:33:23.952Z",
        "updated_at": "2024-07-11T17:33:34.613Z",
        "article": 39,
        "text": "Текст",
        "author": 1
    }
},
{
    "model": "webapp.comment",
    "pk": 9,
    "fields": {
        "created_at": "2024-07-11T17:33:25.265Z",
        "updated_at": "2024-07-11T17:33:35.358Z",
        "article": 35,
        "text": "Текст",
        "author": 1
    }
},
{
    "model": "webapp.comment",
    "pk": 11,
    "fields": {
        "created_at": "2024-07-11T17:33:26.837Z",
        "updated_at": "2024-07-11T17:33:36.797Z",
        "article": 46,
        "text": "Текст",
        "author": 1
    }
},
{
    "model": "webapp.comment",
    "pk": 12,
    "fields": {
        "created_at": "2024-07-11T17:33:27.619Z",
        "updated_at": "2024-07-11T17:33:37.487Z",
        "article": 46,
        "text": "Текст",
        "author": 1
    }
},
{
    "model": "webapp.comment",
    "pk": 13,
    "fields": {
        "created_at": "2024-07-18T13:54:13.060Z",
        "updated_at": "2024-07-18T13:54:13.060Z",
        "article": 46,
        "text": "dsacascsa",
        "author": 1
    }
},
{
    "model": "webapp.comment",
    "pk": 17,
    "fields": {
        "created_at": "2024-07-25T14:43:34.738Z",
        "updated_at": "2024-07-25T14:43:34.738Z",
        "article": 58,
        "text": "xasxasxsa",
        "author": 4
    }
},
{
    "model": "webapp.comment",
    "pk": 18,
    "fields": {
        "created_at": "2024-08-21T13:34:36.151Z",
        "updated_at": "2024-08-21T13:34:36.151Z",
        "article": 64,
        "text": "sssssssss",
        "author": 2
    }
},
{
    "model": "webapp.tag",
    "pk": 1,
    "fields": {
        "created_at": "2024-07-11T17:29:19.834Z",
        "updated_at": "2024-07-11T17:29:22.309Z",
        "name": "Python"
    }
},
{
    "model": "webapp.tag",
    "pk": 2,
    "fields": {
        "created_at": "2024-07-11T17:29:38.787Z",
        "updated_at": "2024-07-11T17:29:40.680Z",
        "name": "Django"
    }
},
{
    "model": "webapp.tag",
    "pk": 3,
    "fields": {
        "created_at": "2024-07-11T17:29:49.510Z",
        "updated_at": "2024-07-11T17:29:51.439Z",
        "name": "Flask"
    }
},
{
    "model": "webapp.tag",
    "pk": 4,
    "fields": {
        "created_at": "2024-07-11T17:30:01.931Z",
        "updated_at": "2024-07-11T17:30:04.296Z",
        "name": "Docker"
    }
}
]
